poolAddress,
0x486792bcdb13f8aacf85288d98850fa2804f95c7,fin
0xf650233ec6ea1c6717ac4f409f09e6c9ebc8c4d2,wcres
0x68fa181c720c07b7ff7412220e2431ce90a65a14,dodo
0x9D9793e1E18CDEe6cf63818315D55244f73EC006
0x85F9569B69083C3e6aefFd301BB2c65606b5D575
0x8876819535b48b551C9e97EBc07332C7482b4b2d
0x2109F78b46a789125598f5ad2b7f243751c2934d
0x75c23271661d9d143DCb617222BC4BEc783eff34
0x1A7fE5D6f0BB2D071E16BDD52C863233BBFd38e9
0x94512fd4Fb4FEb63a6C0F4bEDEcC4A00eE260528
0x1B7902a66f133d899130bF44d7D879dA89913b2e
0xC9f93163c99695c6526b799EbcA2207Fdf7D61aD
0x562c0b218cc9ba06D9EB42F3aEf54C54cC5a4650
0xCa7b0632bd0E646B0f823927D3D2e61B00fE4D80
0x0D04146B2Fe5d267629a7eb341Fb4388DcdBD22f



